school_ID,학교명,구,설립구분,재학생수,진학률(실제),진학률(예측),잔차(실제-예측),유형,SEI,ASI,우선개선영역,맞춤처방,강점요인,성공요인,동아리참여율_Z,동아리다양성_Z,방과후수강강도_Z,방과후공급밀도_Z,특색도입개수_Z
S000003561,서울대학교사범대학부설고등학교,성북구,국립,709,0.743478261,0.654703166,0.088775095,ASI낮음&성과높음(효율),0.570988295,-0.107151034,방과후공급,방과후 공급 확대(프로그램 수 증대·외부강사/기관 협력·시간표 유연화),특색도입,[강점] 특색사업 도입 수준이 높음 → 제도/운영 기반(교과교실제·수준별) 공유,-0.169437161,-0.422084541,-0.357391506,-0.465412569,0.878570606
S010000370,가락고등학교,송파구,공립,757,0.666666667,0.623224262,0.043442404,ASI낮음&성과높음(효율),-1.109400316,-0.483429672,동아리다양성,동아리 다양성 확대(소규모/주제형 동아리 신설·교사/지역 멘토 연계),동아리참여,[강점] 동아리 참여가 높음 → 참여장벽 낮추기/참여트랙 운영 노하우 확산,-0.208487357,-0.79079482,-0.292406811,-0.405940339,-0.719519031
S010000371,강동고등학교,강동구,사립,744,0.779279279,0.635533371,0.143745908,ASI낮음&성과높음(효율),-0.526052835,-0.321274354,동아리다양성,동아리 다양성 확대(소규모/주제형 동아리 신설·교사/지역 멘토 연계),방과후공급,[강점] 방과후 공급이 풍부함 → 외부강사/기관 연계 운영모델 확산,-0.156192986,-1.490574314,0.162924935,0.596989625,-0.719519031
S010000372,강서고등학교,양천구,사립,956,0.543543544,0.629925039,-0.086381496,ASI낮음&성과낮음(취약),-1.312560924,-0.289076443,동아리다양성,동아리 다양성 확대(소규모/주제형 동아리 신설·교사/지역 멘토 연계),방과후공급,[강점] 방과후 공급이 풍부함 → 외부강사/기관 연계 운영모델 확산,-0.231280254,-0.841057579,0.062323205,0.284151446,-0.719519031
S010000373,개포고등학교,강남구,공립,669,0.530232558,0.624181352,-0.093948794,ASI낮음&성과낮음(취약),-0.50401711,-0.584908232,방과후공급,방과후 공급 확대(프로그램 수 증대·외부강사/기관 협력·시간표 유연화),동아리참여,[강점] 동아리 참여가 높음 → 참여장벽 낮추기/참여트랙 운영 노하우 확산,-0.184166109,-0.522907927,-0.684214612,-0.813733482,-0.719519031
S010000374,건국대학교사범대학부속고등학교,광진구,사립,961,0.666666667,0.703754346,-0.037087679,ASI높음&성과낮음(지원우선),-0.063717992,1.141893991,동아리참여,동아리 참여율 제고(홍보·참여장벽 완화·참여트랙 다양화),방과후공급,[강점] 방과후 공급이 풍부함 → 외부강사/기관 연계 운영모델 확산,-0.179690716,0.827075446,-0.013897361,4.197411977,0.878570606
S010000375,경기고등학교,강남구,공립,1061,0.515151515,0.626674693,-0.111523178,ASI낮음&성과낮음(취약),0.062937506,-0.643488541,동아리다양성,동아리 다양성 확대(소규모/주제형 동아리 신설·교사/지역 멘토 연계),동아리참여,[강점] 동아리 참여가 높음 → 참여장벽 낮추기/참여트랙 운영 노하우 확산,-0.215872911,-1.046031676,-0.596856428,-0.639162657,-0.719519031
S010000376,경기여자고등학교,강남구,공립,1159,0.538028169,0.621765669,-0.0837375,ASI낮음&성과낮음(취약),-0.72496932,-0.595041823,동아리다양성,동아리 다양성 확대(소규모/주제형 동아리 신설·교사/지역 멘토 연계),동아리참여,[강점] 동아리 참여가 높음 → 참여장벽 낮추기/참여트랙 운영 노하우 확산,-0.194942768,-0.882552208,-0.524271501,-0.653923607,-0.719519031
S010000377,경동고등학교,성북구,공립,474,0.676470588,0.657569934,0.018900655,ASI낮음&성과높음(효율),0.962597749,-0.121485877,방과후공급,방과후 공급 확대(프로그램 수 증대·외부강사/기관 협력·시간표 유연화),특색도입,[강점] 특색사업 도입 수준이 높음 → 제도/운영 기반(교과교실제·수준별) 공유,-0.169437161,-0.235554378,-0.527780801,-0.553227652,0.878570606
S010000378,경문고등학교,동작구,사립,664,0.649746193,0.6581664,-0.008420207,ASI높음&성과낮음(지원우선),-1.007443771,0.293461969,방과후수강,방과후 참여 촉진(수요기반 편성·수강부담 완화·교과/진로 연계 강화),동아리다양성,[강점] 동아리 다양성이 높음 → 주제형·소규모 동아리 운영모델 확산,-0.139757444,1.375417577,-0.391077912,-0.255842983,0.878570606
S010000379,경복고등학교,종로구,공립,562,0.594444444,0.659784658,-0.065340214,ASI낮음&성과낮음(취약),0.970238927,-0.072484599,방과후공급,방과후 공급 확대(프로그램 수 증대·외부강사/기관 협력·시간표 유연화),특색도입,[강점] 특색사업 도입 수준이 높음 → 제도/운영 기반(교과교실제·수준별) 공유,-0.169437161,0.426391653,-0.684214612,-0.813733482,0.878570606
S010000380,경복여자고등학교,강서구,사립,626,0.64921466,0.636693153,0.012521507,ASI낮음&성과높음(효율),-0.933133096,-0.211869435,동아리다양성,동아리 다양성 확대(소규모/주제형 동아리 신설·교사/지역 멘토 연계),특색도입,[강점] 특색사업 도입 수준이 높음 → 제도/운영 기반(교과교실제·수준별) 공유,-0.169437161,-0.697281194,-0.454717965,-0.616481464,0.878570606
S010000382,경신고등학교,종로구,사립,458,0.537878788,0.757136534,-0.219257746,ASI높음&성과낮음(지원우선),0.832189178,2.177995088,동아리다양성,동아리 다양성 확대(소규모/주제형 동아리 신설·교사/지역 멘토 연계),방과후수강,[강점] 방과후 수강강도가 높음 → 수요기반 편성·운영 노하우 확산,1.358096235,0.67961677,5.417344425,2.556347406,0.878570606
S010000383,경인고등학교,구로구,공립,1132,0.759562842,0.669865016,0.089697826,ASI높음&성과높음(강점),-0.043554415,0.364157928,방과후공급,방과후 공급 확대(프로그램 수 증대·외부강사/기관 협력·시간표 유연화),특색도입,[강점] 특색사업 도입 수준이 높음 → 제도/운영 기반(교과교실제·수준별) 공유,0.909939694,-0.456651063,-0.45904735,-0.650111887,2.476660244
S010000385,경희여자고등학교,동대문구,사립,384,0.736363636,0.678147647,0.058215989,ASI높음&성과높음(강점),1.099488765,0.320376766,동아리참여,동아리 참여율 제고(홍보·참여장벽 완화·참여트랙 다양화),특색도입,[강점] 특색사업 도입 수준이 높음 → 제도/운영 기반(교과교실제·수준별) 공유,-0.19509775,0.615049521,-0.008371664,0.311733114,0.878570606
S010000386,계성고등학교,성북구,사립,897,0.676691729,0.663201321,0.013490408,ASI높음&성과높음(강점),0.230119243,0.156286483,동아리다양성,동아리 다양성 확대(소규모/주제형 동아리 신설·교사/지역 멘토 연계),특색도입,[강점] 특색사업 도입 수준이 높음 → 제도/운영 기반(교과교실제·수준별) 공유,-0.180422296,-0.315677793,0.111426584,0.287535314,0.878570606
S010000387,고려대학교사범대학부속고등학교,성북구,사립,670,0.752252252,0.688806589,0.063445664,ASI높음&성과높음(강점),0.412407645,0.703670311,동아리참여,동아리 참여율 제고(홍보·참여장벽 완화·참여트랙 다양화),방과후공급,[강점] 방과후 공급이 풍부함 → 외부강사/기관 연계 운영모델 확산,0.315892663,0.64411536,0.374077628,1.305695298,0.878570606
S010000388,고척고등학교,구로구,공립,782,0.758893281,0.735736978,0.023156303,ASI높음&성과높음(강점),0.296745089,1.798563531,특색도입,특색사업 도입/확대(교과교실제·수준별수업 기반 마련·자율학교 연계),동아리참여,[강점] 동아리 참여가 높음 → 참여장벽 낮추기/참여트랙 운영 노하우 확산,5.4126269,4.676076129,-0.115291648,-0.261074693,-0.719519031
S010000389,공항고등학교,강서구,공립,658,0.666666667,0.629323729,0.037342938,ASI낮음&성과높음(효율),-0.382187715,-0.492336394,방과후공급,방과후 공급 확대(프로그램 수 증대·외부강사/기관 협력·시간표 유연화),동아리다양성,[강점] 동아리 다양성이 높음 → 주제형·소규모 동아리 운영모델 확산,-0.199387514,-0.195001637,-0.627869911,-0.719903875,-0.719519031
S010000390,관악고등학교,영등포구,공립,720,0.647773279,0.635418221,0.012355058,ASI낮음&성과높음(효율),0.247066193,-0.481400775,특색도입,특색사업 도입/확대(교과교실제·수준별수업 기반 마련·자율학교 연계),동아리참여,[강점] 동아리 참여가 높음 → 참여장벽 낮추기/참여트랙 운영 노하우 확산,-0.169437161,-0.659182509,-0.388131035,-0.470734139,-0.719519031
S010000391,광남고등학교,광진구,공립,975,0.534682081,0.640531263,-0.105849183,ASI낮음&성과낮음(취약),0.320012741,-0.379540304,특색도입,특색사업 도입/확대(교과교실제·수준별수업 기반 마련·자율학교 연계),동아리다양성,[강점] 동아리 다양성이 높음 → 주제형·소규모 동아리 운영모델 확산,-0.199756134,0.009558133,-0.427542829,-0.560441659,-0.719519031
S010000392,광문고등학교,강동구,사립,1233,0.667621777,0.641139341,0.026482436,ASI낮음&성과높음(효율),-0.846113831,-0.128098836,동아리다양성,동아리 다양성 확대(소규모/주제형 동아리 신설·교사/지역 멘토 연계),특색도입,[강점] 특색사업 도입 수준이 높음 → 제도/운영 기반(교과교실제·수준별) 공유,-0.225378493,-1.068190926,0.037436252,-0.262931616,0.878570606
S010000393,광성고등학교,마포구,사립,755,0.666666667,0.643937892,0.022728775,ASI낮음&성과높음(효율),0.05437739,-0.247658978,특색도입,특색사업 도입/확대(교과교실제·수준별수업 기반 마련·자율학교 연계),방과후공급,[강점] 방과후 공급이 풍부함 → 외부강사/기관 연계 운영모델 확산,-0.208590801,-0.294888758,-0.101084273,0.085787975,-0.719519031
S010000394,광신고등학교,관악구,사립,486,0.761363636,0.69338371,0.067979926,ASI높음&성과높음(강점),-0.526293818,0.999387007,특색도입,특색사업 도입/확대(교과교실제·수준별수업 기반 마련·자율학교 연계),동아리참여,[강점] 동아리 참여가 높음 → 참여장벽 낮추기/참여트랙 운영 노하우 확산,1.979716357,0.637310737,1.499461367,1.599965603,-0.719519031
S010000395,광양고등학교,광진구,공립,464,0.661111111,0.648783176,0.012327935,ASI낮음&성과높음(효율),-0.249603117,-0.075124335,방과후공급,방과후 공급 확대(프로그램 수 증대·외부강사/기관 협력·시간표 유연화),동아리다양성,[강점] 동아리 다양성이 높음 → 주제형·소규모 동아리 운영모델 확산,0.318998876,1.522846575,-0.684214612,-0.813733482,-0.719519031
S010000396,광영고등학교,양천구,사립,859,0.746478873,0.64536704,0.101111833,ASI낮음&성과높음(효율),-0.996041687,-0.001045653,동아리다양성,동아리 다양성 확대(소규모/주제형 동아리 신설·교사/지역 멘토 연계),특색도입,[강점] 특색사업 도입 수준이 높음 → 제도/운영 기반(교과교실제·수준별) 공유,-0.008841904,-0.396314601,-0.096153694,-0.382488673,0.878570606
S010000397,광영여자고등학교,양천구,사립,928,0.749077491,0.623080357,0.125997134,ASI낮음&성과높음(효율),-0.205257727,-0.6709043,동아리다양성,동아리 다양성 확대(소규모/주제형 동아리 신설·교사/지역 멘토 연계),동아리참여,[강점] 동아리 참여가 높음 → 참여장벽 낮추기/참여트랙 운영 노하우 확산,-0.222528035,-0.914526338,-0.684214612,-0.813733482,-0.719519031
S010000398,구로고등학교,구로구,공립,951,0.762987013,0.63286064,0.130126373,ASI낮음&성과높음(효율),0.1957013,-0.529321532,방과후공급,방과후 공급 확대(프로그램 수 증대·외부강사/기관 협력·시간표 유연화),동아리참여,[강점] 동아리 참여가 높음 → 참여장벽 낮추기/참여트랙 운영 노하우 확산,-0.200521281,-0.391002968,-0.586751906,-0.748812471,-0.719519031
S010000399,구일고등학교,구로구,공립,783,0.711297071,0.63687576,0.074421311,ASI낮음&성과높음(효율),-0.87861622,-0.218806901,방과후공급,방과후 공급 확대(프로그램 수 증대·외부강사/기관 협력·시간표 유연화),동아리다양성,[강점] 동아리 다양성이 높음 → 주제형·소규모 동아리 운영모델 확산,-0.182021664,1.305454282,-0.684214612,-0.813733482,-0.719519031
S010000400,압구정고등학교,강남구,공립,519,0.545454545,0.641722832,-0.096268287,ASI낮음&성과낮음(취약),1.081066081,-0.507378856,방과후공급,방과후 공급 확대(프로그램 수 증대·외부강사/기관 협력·시간표 유연화),동아리다양성,[강점] 동아리 다양성이 높음 → 주제형·소규모 동아리 운영모델 확산,-0.169437161,-0.149989995,-0.684214612,-0.813733482,-0.719519031
S010000401,금옥여자고등학교,양천구,공립,772,0.632911392,0.634275234,-0.001363841,ASI낮음&성과낮음(취약),-0.556208471,-0.343851983,특색도입,특색사업 도입/확대(교과교실제·수준별수업 기반 마련·자율학교 연계),방과후수강,[강점] 방과후 수강강도가 높음 → 수요기반 편성·운영 노하우 확산,-0.20772861,-0.362206347,-0.095916088,-0.333889841,-0.719519031
S010000402,금천고등학교,금천구,공립,671,0.752212389,0.637762869,0.11444952,ASI낮음&성과높음(효율),-0.729908303,-0.228850284,특색도입,특색사업 도입/확대(교과교실제·수준별수업 기반 마련·자율학교 연계),방과후수강,[강점] 방과후 수강강도가 높음 → 수요기반 편성·운영 노하우 확산,-0.184122207,-0.049781211,-0.021177716,-0.169651257,-0.719519031
S010000403,남강고등학교,관악구,사립,611,0.648148148,0.677231926,-0.029083777,ASI높음&성과낮음(지원우선),0.254563966,0.471598456,특색도입,특색사업 도입/확대(교과교실제·수준별수업 기반 마련·자율학교 연계),동아리참여,[강점] 동아리 참여가 높음 → 참여장벽 낮추기/참여트랙 운영 노하우 확산,1.136859003,0.198936013,0.635551649,1.106164645,-0.719519031
S010000404,노원고등학교,노원구,공립,524,0.797687861,0.675332039,0.122355822,ASI높음&성과높음(강점),0.585947016,0.360719203,방과후공급,방과후 공급 확대(프로그램 수 증대·외부강사/기관 협력·시간표 유연화),특색도입,[강점] 특색사업 도입 수준이 높음 → 제도/운영 기반(교과교실제·수준별) 공유,0.300680498,0.524203366,-0.684214612,-0.813733482,2.476660244
S010000405,단국대학교사범대학부속고등학교,강남구,사립,1170,0.477777778,0.616373186,-0.138595408,ASI낮음&성과낮음(취약),-0.732056355,-0.716698125,동아리다양성,동아리 다양성 확대(소규모/주제형 동아리 신설·교사/지역 멘토 연계),동아리참여,[강점] 동아리 참여가 높음 → 참여장벽 낮추기/참여트랙 운영 노하우 확산,-0.026264234,-1.339759268,-0.684214612,-0.813733482,-0.719519031
S010000406,당곡고등학교,관악구,공립,746,0.696356275,0.657568993,0.038787283,ASI낮음&성과높음(효율),0.354139976,0.002446059,동아리다양성,동아리 다양성 확대(소규모/주제형 동아리 신설·교사/지역 멘토 연계),특색도입,[강점] 특색사업 도입 수준이 높음 → 제도/운영 기반(교과교실제·수준별) 공유,-0.11660249,-0.319885761,-0.112685991,-0.317166068,0.878570606
S010000408,대성고등학교,은평구,사립,693,0.623134328,0.684594778,-0.06146045,ASI높음&성과낮음(지원우선),0.4013818,0.609768906,특색도입,특색사업 도입/확대(교과교실제·수준별수업 기반 마련·자율학교 연계),방과후공급,[강점] 방과후 공급이 풍부함 → 외부강사/기관 연계 운영모델 확산,0.754788378,0.245050757,0.820445011,1.948079415,-0.719519031
S010000409,대신고등학교,종로구,사립,296,0.660194175,0.673013399,-0.012819224,ASI높음&성과낮음(지원우선),1.483720203,0.124897117,특색도입,특색사업 도입/확대(교과교실제·수준별수업 기반 마련·자율학교 연계),동아리다양성,[강점] 동아리 다양성이 높음 → 주제형·소규모 동아리 운영모델 확산,-0.169437161,1.326566131,-0.042294283,0.229169928,-0.719519031
S010000410,대영고등학교,영등포구,공립,742,0.72,0.643676375,0.076323625,ASI낮음&성과높음(효율),-0.633932126,-0.113408307,동아리다양성,동아리 다양성 확대(소규모/주제형 동아리 신설·교사/지역 멘토 연계),특색도입,[강점] 특색사업 도입 수준이 높음 → 제도/운영 기반(교과교실제·수준별) 공유,-0.209276782,-0.614597672,-0.140833759,-0.48090393,0.878570606
S010000411,대원고등학교,광진구,사립,637,0.696581197,0.658778767,0.037802429,ASI높음&성과높음(강점),-0.988733088,0.303629456,특색도입,특색사업 도입/확대(교과교실제·수준별수업 기반 마련·자율학교 연계),방과후공급,[강점] 방과후 공급이 풍부함 → 외부강사/기관 연계 운영모델 확산,-0.153968297,-0.163394116,1.236458595,1.31857013,-0.719519031
S010000412,대원여자고등학교,광진구,사립,592,0.69124424,0.678917043,0.012327197,ASI높음&성과높음(강점),0.34723062,0.49118864,특색도입,특색사업 도입/확대(교과교실제·수준별수업 기반 마련·자율학교 연계),방과후공급,[강점] 방과후 공급이 풍부함 → 외부강사/기관 연계 운영모델 확산,-0.152792455,1.404540554,0.443060111,1.48065402,-0.719519031
S010000413,대일고등학교,강서구,사립,1000,0.538461538,0.653314124,-0.114852586,ASI낮음&성과낮음(취약),-0.036059318,-0.015194053,동아리다양성,동아리 다양성 확대(소규모/주제형 동아리 신설·교사/지역 멘토 연계),특색도입,[강점] 특색사업 도입 수준이 높음 → 제도/운영 기반(교과교실제·수준별) 공유,0.007928829,-0.536086886,-0.230048151,-0.196334664,0.878570606
S010000414,대진고등학교,노원구,사립,788,0.625,0.644686378,-0.019686378,ASI낮음&성과낮음(취약),0.059688325,-0.231654414,특색도입,특색사업 도입/확대(교과교실제·수준별수업 기반 마련·자율학교 연계),방과후수강,[강점] 방과후 수강강도가 높음 → 수요기반 편성·운영 노하우 확산,-0.256969728,-0.130011923,0.056811158,-0.108582547,-0.719519031
S010000415,대진여자고등학교,노원구,사립,869,0.634538153,0.646222371,-0.011684218,ASI낮음&성과낮음(취약),0.252035052,-0.235775007,특색도입,특색사업 도입/확대(교과교실제·수준별수업 기반 마련·자율학교 연계),방과후수강,[강점] 방과후 수강강도가 높음 → 수요기반 편성·운영 노하우 확산,-0.260149853,-0.430325932,0.334382814,-0.103263035,-0.719519031
S010000417,덕성여자고등학교,종로구,사립,541,0.760638298,0.664763921,0.095874377,ASI높음&성과높음(강점),-0.08280314,0.255705363,특색도입,특색사업 도입/확대(교과교실제·수준별수업 기반 마련·자율학교 연계),동아리다양성,[강점] 동아리 다양성이 높음 → 주제형·소규모 동아리 운영모델 확산,-0.260506164,2.706180137,-0.204503536,-0.243124593,-0.719519031
S010000418,덕원여자고등학교,강서구,사립,854,0.666666667,0.632018143,0.034648524,ASI낮음&성과높음(효율),-0.700000018,-0.366084197,특색도입,특색사업 도입/확대(교과교실제·수준별수업 기반 마련·자율학교 연계),방과후수강,[강점] 방과후 수강강도가 높음 → 수요기반 편성·운영 노하우 확산,-0.215590164,-0.324957714,-0.190390257,-0.37996382,-0.719519031
S010000419,독산고등학교,금천구,공립,558,0.7,0.686419165,0.013580835,ASI높음&성과높음(강점),-0.312004118,0.796745273,동아리다양성,동아리 다양성 확대(소규모/주제형 동아리 신설·교사/지역 멘토 연계),특색도입,[강점] 특색사업 도입 수준이 높음 → 제도/운영 기반(교과교실제·수준별) 공유,-0.204754961,-0.373779352,1.018369772,1.067230661,2.476660244
S010000420,동국대학교사범대학부속고등학교,동대문구,사립,958,0.699669967,0.631409832,0.068260135,ASI낮음&성과높음(효율),-0.316457712,-0.458104996,동아리다양성,동아리 다양성 확대(소규모/주제형 동아리 신설·교사/지역 멘토 연계),동아리참여,[강점] 동아리 참여가 높음 → 참여장벽 낮추기/참여트랙 운영 노하우 확산,-0.220865481,-0.749930195,-0.302049915,-0.298160356,-0.719519031
S010000421,동덕여자고등학교,서초구,사립,860,0.591397849,0.636034441,-0.044636591,ASI낮음&성과낮음(취약),0.208199771,-0.459415896,동아리다양성,동아리 다양성 확대(소규모/주제형 동아리 신설·교사/지역 멘토 연계),방과후공급,[강점] 방과후 공급이 풍부함 → 외부강사/기관 연계 운영모델 확산,-0.180894912,-1.473259663,-0.042949676,0.119543802,-0.719519031
S010000422,동명여자고등학교,은평구,사립,870,0.701492537,0.646870045,0.054622493,ASI낮음&성과높음(효율),0.093489939,-0.188691464,특색도입,특색사업 도입/확대(교과교실제·수준별수업 기반 마련·자율학교 연계),방과후공급,[강점] 방과후 공급이 풍부함 → 외부강사/기관 연계 운영모델 확산,-0.180763214,-0.48674252,0.050889441,0.392678003,-0.719519031
S010000423,동북고등학교,강동구,사립,802,0.594936709,0.640647179,-0.04571047,ASI낮음&성과낮음(취약),-0.865598761,-0.135364515,동아리다양성,동아리 다양성 확대(소규모/주제형 동아리 신설·교사/지역 멘토 연계),특색도입,[강점] 특색사업 도입 수준이 높음 → 제도/운영 기반(교과교실제·수준별) 공유,-0.071146227,-1.164726407,0.032318559,-0.351839104,0.878570606
S010000424,동성고등학교,종로구,사립,622,0.708108108,0.655043454,0.053064654,ASI낮음&성과높음(효율),0.200914851,-0.023992534,특색도입,특색사업 도입/확대(교과교실제·수준별수업 기반 마련·자율학교 연계),동아리다양성,[강점] 동아리 다양성이 높음 → 주제형·소규모 동아리 운영모델 확산,-0.169437161,0.581421484,0.008702916,0.17886912,-0.719519031
S010000425,동일여자고등학교,금천구,사립,620,0.747368421,0.65822875,0.089139671,ASI높음&성과높음(강점),-0.504860714,0.192500405,특색도입,특색사업 도입/확대(교과교실제·수준별수업 기반 마련·자율학교 연계),방과후수강,[강점] 방과후 수강강도가 높음 → 수요기반 편성·운영 노하우 확산,-0.105865121,-0.597138344,1.505890276,0.879134247,-0.719519031
S010000427,동작고등학교,동작구,공립,747,0.579908676,0.631482514,-0.051573838,ASI낮음&성과낮음(취약),-0.61372741,-0.395886812,특색도입,특색사업 도입/확대(교과교실제·수준별수업 기반 마련·자율학교 연계),방과후수강,[강점] 방과후 수강강도가 높음 → 수요기반 편성·운영 노하우 확산,-0.156246176,-0.571124646,-0.132062944,-0.400481261,-0.719519031
S010000428,둔촌고등학교,강동구,공립,704,0.69266055,0.6264414,0.066219151,ASI낮음&성과높음(효율),-0.564873405,-0.520918184,특색도입,특색사업 도입/확대(교과교실제·수준별수업 기반 마련·자율학교 연계),동아리참여,[강점] 동아리 참여가 높음 → 참여장벽 낮추기/참여트랙 운영 노하우 확산,-0.155440476,-0.597984401,-0.493310922,-0.638336091,-0.719519031
S010000429,마포고등학교,강서구,사립,722,0.541832669,0.648180004,-0.106347335,ASI낮음&성과낮음(취약),0.098341399,-0.159775928,특색도입,특색사업 도입/확대(교과교실제·수준별수업 기반 마련·자율학교 연계),동아리다양성,[강점] 동아리 다양성이 높음 → 주제형·소규모 동아리 운영모델 확산,-0.183084898,0.164509633,-0.016662575,-0.044122766,-0.719519031
S010000430,면목고등학교,중랑구,공립,566,0.702325581,0.632867866,0.069457715,ASI낮음&성과높음(효율),-0.227550236,-0.442932876,특색도입,특색사업 도입/확대(교과교실제·수준별수업 기반 마련·자율학교 연계),동아리다양성,[강점] 동아리 다양성이 높음 → 주제형·소규모 동아리 운영모델 확산,-0.569851156,0.073464803,-0.512268703,-0.486490292,-0.719519031
S010000431,명덕고등학교,강서구,사립,755,0.632653061,0.771130908,-0.138477847,ASI높음&성과낮음(지원우선),-1.10057492,2.89119741,동아리다양성,동아리 다양성 확대(소규모/주제형 동아리 신설·교사/지역 멘토 연계),방과후수강,[강점] 방과후 수강강도가 높음 → 수요기반 편성·운영 노하우 확산,-0.130283521,-0.478309388,8.621317952,5.5646914,0.878570606
S010000432,명덕여자고등학교,강서구,사립,978,0.674922601,0.622498218,0.052424382,ASI낮음&성과높음(효율),-1.005701917,-0.521129031,동아리다양성,동아리 다양성 확대(소규모/주제형 동아리 신설·교사/지역 멘토 연계),방과후공급,[강점] 방과후 공급이 풍부함 → 외부강사/기관 연계 운영모델 확산,-0.854559141,-1.747125031,0.329845972,0.385712076,-0.719519031
S010000433,동국대학교사범대학부속가람고등학교,광진구,사립,665,0.68161435,0.658676121,0.022938229,ASI높음&성과높음(강점),0.203873148,0.058331637,방과후수강,방과후 참여 촉진(수요기반 편성·수강부담 완화·교과/진로 연계 강화),특색도입,[강점] 특색사업 도입 수준이 높음 → 제도/운영 기반(교과교실제·수준별) 공유,-0.139802075,-0.158817314,-0.217294973,-0.070998061,0.878570606
S010000434,명일여자고등학교,강동구,공립,568,0.723756906,0.660078244,0.063678662,ASI높음&성과높음(강점),0.558189855,0.018158956,방과후공급,방과후 공급 확대(프로그램 수 증대·외부강사/기관 협력·시간표 유연화),특색도입,[강점] 특색사업 도입 수준이 높음 → 제도/운영 기반(교과교실제·수준별) 공유,-0.186785165,0.549018363,-0.553669495,-0.596339532,0.878570606
S010000435,명지고등학교,서대문구,사립,1296,0.630979499,0.630964007,1.54914E-05,ASI낮음&성과높음(효율),-1.521987562,-0.222694954,특색도입,특색사업 도입/확대(교과교실제·수준별수업 기반 마련·자율학교 연계),동아리다양성,[강점] 동아리 다양성이 높음 → 주제형·소규모 동아리 운영모델 확산,0.225925986,0.281131274,-0.373112303,-0.527900696,-0.719519031
S010000436,무학여자고등학교,성동구,공립,483,0.642384106,0.697248954,-0.054864848,ASI높음&성과낮음(지원우선),0.747973257,0.828032778,특색도입,특색사업 도입/확대(교과교실제·수준별수업 기반 마련·자율학교 연계),동아리다양성,[강점] 동아리 다양성이 높음 → 주제형·소규모 동아리 운영모델 확산,-0.128635231,2.669082284,1.215581713,1.103654154,-0.719519031
S010000437,서울문영여자고등학교,관악구,사립,604,0.664893617,0.661229694,0.003663923,ASI높음&성과높음(강점),-0.66402216,0.293430152,동아리참여,동아리 참여율 제고(홍보·참여장벽 완화·참여트랙 다양화),특색도입,[강점] 특색사업 도입 수준이 높음 → 제도/운영 기반(교과교실제·수준별) 공유,-0.218379211,0.392938602,-0.101084273,0.515105035,0.878570606
S010000438,문일고등학교,금천구,사립,715,0.762411348,0.670476058,0.091935289,ASI높음&성과높음(강점),0.353804227,0.297158,특색도입,특색사업 도입/확대(교과교실제·수준별수업 기반 마련·자율학교 연계),방과후공급,[강점] 방과후 공급이 풍부함 → 외부강사/기관 연계 운영모델 확산,-0.196999863,0.263496655,1.052857052,1.085955191,-0.719519031
S010000439,미림여자고등학교,관악구,사립,477,0.738562092,0.700017116,0.038544976,ASI높음&성과높음(강점),-0.590391942,1.163872822,동아리다양성,동아리 다양성 확대(소규모/주제형 동아리 신설·교사/지역 멘토 연계),방과후공급,[강점] 방과후 공급이 풍부함 → 외부강사/기관 연계 운영모델 확산,0.367659945,-0.545473895,2.308196929,2.810410527,0.878570606
S010000440,반포고등학교,서초구,공립,808,0.424489796,0.640632208,-0.216142412,ASI낮음&성과낮음(취약),0.681983367,-0.450975645,동아리다양성,동아리 다양성 확대(소규모/주제형 동아리 신설·교사/지역 멘토 연계),방과후수강,[강점] 방과후 수강강도가 높음 → 수요기반 편성·운영 노하우 확산,-0.364559263,-0.723929587,-0.168012078,-0.278858268,-0.719519031
S010000441,배명고등학교,송파구,사립,746,0.685258964,0.673572347,0.011686617,ASI높음&성과높음(강점),0.313571124,0.37603651,동아리참여,동아리 참여율 제고(홍보·참여장벽 완화·참여트랙 다양화),동아리다양성,[강점] 동아리 다양성이 높음 → 주제형·소규모 동아리 운영모델 확산,-0.2354805,1.474571202,-0.1685964,-0.06888236,0.878570606
S010000442,배문고등학교,용산구,사립,327,0.719626168,0.698967899,0.020658269,ASI높음&성과높음(강점),0.254794808,0.967742013,동아리참여,동아리 참여율 제고(홍보·참여장벽 완화·참여트랙 다양화),방과후공급,[강점] 방과후 공급이 풍부함 → 외부강사/기관 연계 운영모델 확산,-0.259837768,1.024206595,1.555013398,1.640757234,0.878570606
S010000444,배화여자고등학교,종로구,사립,453,0.608108108,0.680600688,-0.07249258,ASI높음&성과낮음(지원우선),0.90241768,0.416521787,특색도입,특색사업 도입/확대(교과교실제·수준별수업 기반 마련·자율학교 연계),방과후공급,[강점] 방과후 공급이 풍부함 → 외부강사/기관 연계 운영모델 확산,-0.212941206,0.112712641,1.126558545,1.775797987,-0.719519031
S010000445,백암고등학교,양천구,사립,1024,0.643312102,0.630573169,0.012738933,ASI낮음&성과높음(효율),-0.368914076,-0.466518143,동아리다양성,동아리 다양성 확대(소규모/주제형 동아리 신설·교사/지역 멘토 연계),동아리참여,[강점] 동아리 참여가 높음 → 참여장벽 낮추기/참여트랙 운영 노하우 확산,-0.130946278,-0.917635232,-0.172806667,-0.391683509,-0.719519031
S010000446,보성고등학교,송파구,사립,879,0.570135747,0.651265768,-0.081130021,ASI낮음&성과낮음(취약),-0.11289573,-0.046301194,특색도입,특색사업 도입/확대(교과교실제·수준별수업 기반 마련·자율학교 연계),동아리참여,[강점] 동아리 참여가 높음 → 참여장벽 낮추기/참여트랙 운영 노하우 확산,0.234125957,-0.04344182,0.127719578,0.169609346,-0.719519031
S010000447,보성여자고등학교,용산구,사립,353,0.803278689,0.685800529,0.11747816,ASI높음&성과높음(강점),0.268332198,0.664398404,동아리참여,동아리 참여율 제고(홍보·참여장벽 완화·참여트랙 다양화),특색도입,[강점] 특색사업 도입 수준이 높음 → 제도/운영 기반(교과교실제·수준별) 공유,-0.197351229,0.178817967,0.103493882,0.760371155,2.476660244
S010000448,삼성고등학교,관악구,공립,269,0.718446602,0.69415915,0.024287452,ASI높음&성과높음(강점),0.735372135,0.760065549,방과후수강,방과후 참여 촉진(수요기반 편성·수강부담 완화·교과/진로 연계 강화),동아리다양성,[강점] 동아리 다양성이 높음 → 주제형·소규모 동아리 운영모델 확산,0.453285234,1.624550172,0.280557477,0.563364255,0.878570606
S010000449,상계고등학교,노원구,공립,679,0.666666667,0.637817107,0.02884956,ASI낮음&성과높음(효율),0.417185573,-0.461295082,방과후공급,방과후 공급 확대(프로그램 수 증대·외부강사/기관 협력·시간표 유연화),동아리다양성,[강점] 동아리 다양성이 높음 → 주제형·소규모 동아리 운영모델 확산,-0.227485268,-0.020703281,-0.61596201,-0.722805821,-0.719519031
S010000450,상명대학교사범대학부속여자고등학교,종로구,사립,308,0.647540984,0.670070739,-0.022529756,ASI높음&성과낮음(지원우선),1.331773178,0.088676084,특색도입,특색사업 도입/확대(교과교실제·수준별수업 기반 마련·자율학교 연계),동아리다양성,[강점] 동아리 다양성이 높음 → 주제형·소규모 동아리 운영모델 확산,-0.361391696,1.743779927,-0.007117781,-0.212370997,-0.719519031
S010000451,상명고등학교,노원구,사립,848,0.764492754,0.655945132,0.108547622,ASI높음&성과높음(강점),-0.998357495,0.240903658,특색도입,특색사업 도입/확대(교과교실제·수준별수업 기반 마련·자율학교 연계),동아리다양성,[강점] 동아리 다양성이 높음 → 주제형·소규모 동아리 운영모델 확산,-0.285636054,1.873858308,0.34867744,-0.012862373,-0.719519031
S010000452,상문고등학교,서초구,사립,1244,0.514745308,0.634579275,-0.119833967,ASI낮음&성과낮음(취약),-0.695380085,-0.308559628,동아리다양성,동아리 다양성 확대(소규모/주제형 동아리 신설·교사/지역 멘토 연계),방과후공급,[강점] 방과후 공급이 풍부함 → 외부강사/기관 연계 운영모델 확산,-0.264488603,-0.939957291,0.053407273,0.327759511,-0.719519031
S010000453,상일여자고등학교,강동구,사립,839,0.682008368,0.635830866,0.046177502,ASI낮음&성과높음(효율),-0.004943309,-0.420642174,동아리다양성,동아리 다양성 확대(소규모/주제형 동아리 신설·교사/지역 멘토 연계),동아리참여,[강점] 동아리 참여가 높음 → 참여장벽 낮추기/참여트랙 운영 노하우 확산,0.958038344,-1.151143187,-0.524028441,-0.666558555,-0.719519031
S010000454,서라벌고등학교,노원구,사립,973,0.672566372,0.636937321,0.035629051,ASI낮음&성과높음(효율),-0.233342851,-0.348854976,동아리다양성,동아리 다양성 확대(소규모/주제형 동아리 신설·교사/지역 멘토 연계),방과후공급,[강점] 방과후 공급이 풍부함 → 외부강사/기관 연계 운영모델 확산,-0.159310063,-0.979809917,0.03975399,0.074610142,-0.719519031
S010000455,서문여자고등학교,서초구,사립,886,0.554006969,0.637552122,-0.083545154,ASI낮음&성과낮음(취약),0.035723713,-0.389633769,특색도입,특색사업 도입/확대(교과교실제·수준별수업 기반 마련·자율학교 연계),동아리참여,[강점] 동아리 참여가 높음 → 참여장벽 낮추기/참여트랙 운영 노하우 확산,0.286545132,-0.590583791,-0.459296869,-0.465314284,-0.719519031
S010000456,서울고등학교,서초구,공립,1242,0.4781491,0.637186205,-0.159037105,ASI낮음&성과낮음(취약),-0.965987637,-0.193920952,방과후공급,방과후 공급 확대(프로그램 수 증대·외부강사/기관 협력·시간표 유연화),특색도입,[강점] 특색사업 도입 수준이 높음 → 제도/운영 기반(교과교실제·수준별) 공유,-0.169437161,-0.415741589,-0.598393285,-0.664603333,0.878570606
S010000458,서울미술고등학교,관악구,사립,465,0.6875,0.740518718,-0.053018718,ASI높음&성과낮음(지원우선),-0.706942217,2.11219003,동아리참여,동아리 참여율 제고(홍보·참여장벽 완화·참여트랙 다양화),방과후공급,[강점] 방과후 공급이 풍부함 → 외부강사/기관 연계 운영모델 확산,-0.127055801,0.817468608,4.229194761,4.762771977,0.878570606
S010000459,서울세종고등학교,강남구,사립,554,0.625730994,0.658356348,-0.032625353,ASI높음&성과낮음(지원우선),0.328642076,0.025614223,동아리다양성,동아리 다양성 확대(소규모/주제형 동아리 신설·교사/지역 멘토 연계),특색도입,[강점] 특색사업 도입 수준이 높음 → 제도/운영 기반(교과교실제·수준별) 공유,0.719882887,-0.602245229,-0.500178987,-0.367958162,0.878570606
S010000460,서울여자고등학교,마포구,공립,806,0.659259259,0.645679694,0.013579565,ASI낮음&성과높음(효율),0.246955546,-0.247128496,특색도입,특색사업 도입/확대(교과교실제·수준별수업 기반 마련·자율학교 연계),동아리다양성,[강점] 동아리 다양성이 높음 → 주제형·소규모 동아리 운영모델 확산,-0.21833873,0.943465988,-0.580717925,-0.660532783,-0.719519031
S010000463,서초고등학교,서초구,공립,831,0.445283019,0.660774484,-0.215491465,ASI높음&성과낮음(지원우선),0.638820962,0.017626822,방과후공급,방과후 공급 확대(프로그램 수 증대·외부강사/기관 협력·시간표 유연화),특색도입,[강점] 특색사업 도입 수준이 높음 → 제도/운영 기반(교과교실제·수준별) 공유,-0.205009963,-0.685568078,-0.684214612,-0.813733482,2.476660244
S010000464,석관고등학교,성북구,공립,698,0.714285714,0.638818551,0.075467163,ASI낮음&성과높음(효율),0.778275644,-0.511994347,특색도입,특색사업 도입/확대(교과교실제·수준별수업 기반 마련·자율학교 연계),동아리다양성,[강점] 동아리 다양성이 높음 → 주제형·소규모 동아리 운영모델 확산,-0.480011165,-0.44204571,-0.458472555,-0.459923271,-0.719519031
S010000466,선일여자고등학교,은평구,사립,631,0.744680851,0.651002727,0.093678124,ASI낮음&성과높음(효율),0.535790379,-0.184454524,특색도입,특색사업 도입/확대(교과교실제·수준별수업 기반 마련·자율학교 연계),동아리다양성,[강점] 동아리 다양성이 높음 → 주제형·소규모 동아리 운영모델 확산,-0.169437161,0.598475322,-0.40512529,-0.22666646,-0.719519031
S010000467,선정고등학교,은평구,사립,1082,0.641666667,0.673832705,-0.032166038,ASI높음&성과낮음(지원우선),-1.187123971,0.687697635,동아리다양성,동아리 다양성 확대(소규모/주제형 동아리 신설·교사/지역 멘토 연계),특색도입,[강점] 특색사업 도입 수준이 높음 → 제도/운영 기반(교과교실제·수준별) 공유,-0.160330261,-1.218772706,1.157533267,1.183397632,2.476660244
S010000468,성남고등학교,동작구,사립,980,0.511111111,0.632036396,-0.120925285,ASI낮음&성과낮음(취약),-1.217595198,-0.260224395,동아리다양성,동아리 다양성 확대(소규모/주제형 동아리 신설·교사/지역 멘토 연계),방과후공급,[강점] 방과후 공급이 풍부함 → 외부강사/기관 연계 운영모델 확산,-0.199601445,-0.949650496,0.247384646,0.320264348,-0.719519031
S010000469,성동고등학교,중구,공립,457,0.689655172,0.634494861,0.055160312,ASI낮음&성과높음(효율),-0.212180045,-0.408922883,방과후공급,방과후 공급 확대(프로그램 수 증대·외부강사/기관 협력·시간표 유연화),동아리다양성,[강점] 동아리 다양성이 높음 → 주제형·소규모 동아리 운영모델 확산,-0.212560426,0.385413139,-0.684214612,-0.813733482,-0.719519031
S010000470,성보고등학교,관악구,사립,609,0.686868687,0.655758295,0.031110392,ASI높음&성과높음(강점),-0.904209867,0.217459018,특색도입,특색사업 도입/확대(교과교실제·수준별수업 기반 마련·자율학교 연계),방과후공급,[강점] 방과후 공급이 풍부함 → 외부강사/기관 연계 운영모델 확산,-0.201797313,0.210597213,0.685544494,1.112469729,-0.719519031
S010000471,성신여자고등학교,성북구,사립,507,0.694300518,0.643477227,0.050823291,ASI낮음&성과높음(효율),-0.331642267,-0.17953617,특색도입,특색사업 도입/확대(교과교실제·수준별수업 기반 마련·자율학교 연계),동아리참여,[강점] 동아리 참여가 높음 → 참여장벽 낮추기/참여트랙 운영 노하우 확산,0.160961901,0.016841897,-0.272881626,-0.083083993,-0.719519031
S010000472,성심여자고등학교,용산구,사립,373,0.671755725,0.697147665,-0.02539194,ASI높음&성과낮음(지원우선),0.345666733,0.907677359,동아리참여,동아리 참여율 제고(홍보·참여장벽 완화·참여트랙 다양화),특색도입,[강점] 특색사업 도입 수준이 높음 → 제도/운영 기반(교과교실제·수준별) 공유,-0.169437161,0.732037286,0.657635193,0.841491233,2.476660244
S010000475,송곡고등학교,중랑구,사립,680,0.677130045,0.658666309,0.018463736,ASI높음&성과높음(강점),0.280778875,0.042440619,특색도입,특색사업 도입/확대(교과교실제·수준별수업 기반 마련·자율학교 연계),방과후수강,[강점] 방과후 수강강도가 높음 → 수요기반 편성·운영 노하우 확산,-0.227399903,-0.229252945,0.930993239,0.457381733,-0.719519031
S010000476,송곡여자고등학교,중랑구,사립,631,0.78440367,0.683587645,0.100816025,ASI높음&성과높음(강점),-0.742174107,0.819740192,동아리참여,동아리 참여율 제고(홍보·참여장벽 완화·참여트랙 다양화),특색도입,[강점] 특색사업 도입 수준이 높음 → 제도/운영 기반(교과교실제·수준별) 공유,-0.169437161,0.159544814,0.880154484,0.751778578,2.476660244
S010000477,수도여자고등학교,동작구,공립,790,0.603053435,0.625675714,-0.022622279,ASI낮음&성과낮음(취약),-0.777480813,-0.495085505,특색도입,특색사업 도입/확대(교과교실제·수준별수업 기반 마련·자율학교 연계),동아리참여,[강점] 동아리 참여가 높음 → 참여장벽 낮추기/참여트랙 운영 노하우 확산,-0.206856146,-0.430325932,-0.461296432,-0.657429984,-0.719519031
S010000478,수락고등학교,노원구,공립,510,0.759036145,0.663562884,0.095473261,ASI높음&성과높음(강점),0.910266495,0.025982466,방과후수강,방과후 참여 촉진(수요기반 편성·수강부담 완화·교과/진로 연계 강화),특색도입,[강점] 특색사업 도입 수준이 높음 → 제도/운영 기반(교과교실제·수준별) 공유,0.410190258,-0.002974227,-0.584258008,-0.571616298,0.878570606
S010000479,숙명여자고등학교,강남구,사립,1249,0.455012853,0.621519353,-0.1665065,ASI낮음&성과낮음(취약),-1.462838634,-0.450347949,특색도입,특색사업 도입/확대(교과교실제·수준별수업 기반 마련·자율학교 연계),동아리참여,[강점] 동아리 참여가 높음 → 참여장벽 낮추기/참여트랙 운영 노하우 확산,-0.200994138,-0.247405969,-0.517244377,-0.566576229,-0.719519031
S010000480,숭문고등학교,마포구,사립,592,0.56122449,0.636766635,-0.075542145,ASI낮음&성과낮음(취약),-0.707844814,-0.256087118,특색도입,특색사업 도입/확대(교과교실제·수준별수업 기반 마련·자율학교 연계),동아리참여,[강점] 동아리 참여가 높음 → 참여장벽 낮추기/참여트랙 운영 노하우 확산,0.263325203,-0.700768868,-0.14406214,0.020589246,-0.719519031
S010000481,숭실고등학교,은평구,사립,1099,0.706051873,0.647093058,0.058958815,ASI낮음&성과높음(효율),-0.122855686,-0.139527139,특색도입,특색사업 도입/확대(교과교실제·수준별수업 기반 마련·자율학교 연계),방과후공급,[강점] 방과후 공급이 풍부함 → 외부강사/기관 연계 운영모델 확산,-0.133573044,-0.369714584,0.159161483,0.366009483,-0.719519031
S010000482,숭의여자고등학교,동작구,사립,660,0.63876652,0.655557068,-0.016790549,ASI낮음&성과낮음(취약),0.275174037,-0.027395579,방과후공급,방과후 공급 확대(프로그램 수 증대·외부강사/기관 협력·시간표 유연화),특색도입,[강점] 특색사업 도입 수준이 높음 → 제도/운영 기반(교과교실제·수준별) 공유,0.606912292,-0.344449383,-0.557823203,-0.720188207,0.878570606
S010000483,신광여자고등학교,용산구,사립,266,0.774647887,0.652844151,0.121803736,ASI낮음&성과높음(효율),0.382312183,-0.111152181,특색도입,특색사업 도입/확대(교과교실제·수준별수업 기반 마련·자율학교 연계),동아리다양성,[강점] 동아리 다양성이 높음 → 주제형·소규모 동아리 운영모델 확산,-0.206481019,1.160064356,-0.440301368,-0.349523844,-0.719519031
S010000484,신림고등학교,관악구,공립,485,0.701986755,0.640583021,0.061403734,ASI낮음&성과높음(효율),0.365805459,-0.387687558,특색도입,특색사업 도입/확대(교과교실제·수준별수업 기반 마련·자율학교 연계),동아리다양성,[강점] 동아리 다양성이 높음 → 주제형·소규모 동아리 운영모델 확산,-0.250704511,0.074473746,-0.483551963,-0.559136031,-0.719519031
S010000485,신목고등학교,양천구,공립,1099,0.552112676,0.627782804,-0.075670128,ASI낮음&성과낮음(취약),0.116957468,-0.629197294,동아리다양성,동아리 다양성 확대(소규모/주제형 동아리 신설·교사/지역 멘토 연계),동아리참여,[강점] 동아리 참여가 높음 → 참여장벽 낮추기/참여트랙 운영 노하우 확산,-0.3039276,-0.999753598,-0.477587469,-0.645198773,-0.719519031
S010000487,양재고등학교,서초구,공립,840,0.551236749,0.626817884,-0.075581135,ASI낮음&성과낮음(취약),-0.687987674,-0.487243267,동아리다양성,동아리 다양성 확대(소규모/주제형 동아리 신설·교사/지역 멘토 연계),동아리참여,[강점] 동아리 참여가 높음 → 참여장벽 낮추기/참여트랙 운영 노하우 확산,0.241132261,-0.87899612,-0.485599542,-0.593233904,-0.719519031
S010000489,양천고등학교,양천구,사립,906,0.697841727,0.614718447,0.08312328,ASI낮음&성과높음(효율),-1.528211442,-0.592282028,동아리다양성,동아리 다양성 확대(소규모/주제형 동아리 신설·교사/지역 멘토 연계),동아리참여,[강점] 동아리 참여가 높음 → 참여장벽 낮추기/참여트랙 운영 노하우 확산,-0.212941206,-1.008191207,-0.479607475,-0.541151222,-0.719519031
S010000490,목동고등학교,양천구,사립,1006,0.533527697,0.633591043,-0.100063346,ASI낮음&성과낮음(취약),-0.055682845,-0.461436509,방과후공급,방과후 공급 확대(프로그램 수 증대·외부강사/기관 협력·시간표 유연화),동아리다양성,[강점] 동아리 다양성이 높음 → 주제형·소규모 동아리 운영모델 확산,-0.179232058,0.089516636,-0.684214612,-0.813733482,-0.719519031
S010000491,언남고등학교,서초구,공립,648,0.553299492,0.633483705,-0.080184212,ASI낮음&성과낮음(취약),0.62374622,-0.602298337,특색도입,특색사업 도입/확대(교과교실제·수준별수업 기반 마련·자율학교 연계),동아리참여,[강점] 동아리 참여가 높음 → 참여장벽 낮추기/참여트랙 운영 노하우 확산,-0.458356384,-0.502463545,-0.61269684,-0.718455887,-0.719519031
S010000492,여의도고등학교,영등포구,공립,667,0.587121212,0.651374153,-0.064252941,ASI낮음&성과낮음(취약),0.466976611,-0.161957025,방과후공급,방과후 공급 확대(프로그램 수 증대·외부강사/기관 협력·시간표 유연화),동아리참여,[강점] 동아리 참여가 높음 → 참여장벽 낮추기/참여트랙 운영 노하우 확산,1.01241185,0.177641649,-0.55914965,-0.721169941,-0.719519031
S010000493,여의도여자고등학교,영등포구,공립,506,0.619318182,0.638416904,-0.019098722,ASI낮음&성과낮음(취약),-0.194298085,-0.323033021,방과후공급,방과후 공급 확대(프로그램 수 증대·외부강사/기관 협력·시간표 유연화),동아리다양성,[강점] 동아리 다양성이 높음 → 주제형·소규모 동아리 운영모델 확산,0.122667566,0.479634453,-0.684214612,-0.813733482,-0.719519031
S010000494,염광고등학교,노원구,사립,663,0.541666667,0.626581425,-0.084914759,ASI낮음&성과낮음(취약),-1.060309053,-0.416792828,특색도입,특색사업 도입/확대(교과교실제·수준별수업 기반 마련·자율학교 연계),동아리참여,[강점] 동아리 참여가 높음 → 참여장벽 낮추기/참여트랙 운영 노하우 확산,-0.184299403,-0.497306195,-0.334715996,-0.348123513,-0.719519031
S010000495,영동고등학교,강남구,사립,804,0.506550218,0.651279519,-0.144729301,ASI낮음&성과낮음(취약),0.214096451,-0.112601258,동아리다양성,동아리 다양성 확대(소규모/주제형 동아리 신설·교사/지역 멘토 연계),특색도입,[강점] 특색사업 도입 수준이 높음 → 제도/운영 기반(교과교실제·수준별) 공유,-0.169437161,-0.596027105,-0.476706329,-0.199406299,0.878570606
S010000496,영동일고등학교,송파구,사립,906,0.556338028,0.636837853,-0.080499825,ASI낮음&성과낮음(취약),0.005451989,-0.399772297,방과후공급,방과후 공급 확대(프로그램 수 증대·외부강사/기관 협력·시간표 유연화),동아리참여,[강점] 동아리 참여가 높음 → 참여장벽 낮추기/참여트랙 운영 노하우 확산,0.156843174,0.061762466,-0.684214612,-0.813733482,-0.719519031
S010000497,영등포고등학교,동작구,공립,512,0.670658683,0.650870162,0.019788521,ASI낮음&성과높음(효율),0.822054226,-0.245797662,방과후공급,방과후 공급 확대(프로그램 수 증대·외부강사/기관 협력·시간표 유연화),동아리참여,[강점] 동아리 참여가 높음 → 참여장벽 낮추기/참여트랙 운영 노하우 확산,1.00453478,-0.016055965,-0.684214612,-0.813733482,-0.719519031
S010000498,영등포여자고등학교,영등포구,공립,423,0.743421053,0.657894556,0.085526497,ASI낮음&성과높음(효율),0.928764082,-0.107182868,특색도입,특색사업 도입/확대(교과교실제·수준별수업 기반 마련·자율학교 연계),동아리다양성,[강점] 동아리 다양성이 높음 → 주제형·소규모 동아리 운영모델 확산,-0.239321318,1.34057572,-0.541787729,-0.37586198,-0.719519031
S010000499,영락고등학교,관악구,사립,509,0.7,0.708707316,-0.008707316,ASI높음&성과낮음(지원우선),-0.490180008,1.341838522,방과후수강,방과후 참여 촉진(수요기반 편성·수강부담 완화·교과/진로 연계 강화),동아리다양성,[강점] 동아리 다양성이 높음 → 주제형·소규모 동아리 운영모델 확산,0.546841123,3.993934803,0.526725993,0.763120082,0.878570606
S010000501,영신고등학교,영등포구,공립,644,0.779816514,0.64967378,0.130142734,ASI낮음&성과높음(효율),0.200088208,-0.14640349,방과후공급,방과후 공급 확대(프로그램 수 증대·외부강사/기관 협력·시간표 유연화),특색도입,[강점] 특색사업 도입 수준이 높음 → 제도/운영 기반(교과교실제·수준별) 공유,-0.24594078,-0.341408483,-0.497113459,-0.526125337,0.878570606
S010000502,영신여자고등학교,노원구,사립,679,0.56744186,0.653608096,-0.086166235,ASI낮음&성과낮음(취약),1.160221065,-0.252186333,동아리다양성,동아리 다양성 확대(소규모/주제형 동아리 신설·교사/지역 멘토 연계),방과후공급,[강점] 방과후 공급이 풍부함 → 외부강사/기관 연계 운영모델 확산,-0.314557428,-0.768522785,-0.008513857,0.550181434,-0.719519031
S010000503,영일고등학교,강서구,사립,649,0.606425703,0.649852399,-0.043426696,ASI높음&성과낮음(지원우선),-0.632828951,0.027353733,동아리다양성,동아리 다양성 확대(소규모/주제형 동아리 신설·교사/지역 멘토 연계),특색도입,[강점] 특색사업 도입 수준이 높음 → 제도/운영 기반(교과교실제·수준별) 공유,-0.214985695,-0.649106307,0.079846444,0.042443616,0.878570606
S010000504,영파여자고등학교,송파구,사립,813,0.668016194,0.644815657,0.023200538,ASI낮음&성과높음(효율),0.095445566,-0.235987594,방과후공급,방과후 공급 확대(프로그램 수 증대·외부강사/기관 협력·시간표 유연화),특색도입,[강점] 특색사업 도입 수준이 높음 → 제도/운영 기반(교과교실제·수준별) 공유,-0.217917683,-0.342642797,-0.684214612,-0.813733482,0.878570606
S010000505,영훈고등학교,강북구,사립,993,0.678678679,0.632117351,0.046561328,ASI낮음&성과높음(효율),-0.051828223,-0.495863323,동아리다양성,동아리 다양성 확대(소규모/주제형 동아리 신설·교사/지역 멘토 연계),방과후수강,[강점] 방과후 수강강도가 높음 → 수요기반 편성·운영 노하우 확산,-0.228975929,-1.306503711,0.029839568,-0.254157514,-0.719519031
S010000506,예일여자고등학교,은평구,사립,830,0.619047619,0.660241978,-0.041194359,ASI높음&성과낮음(지원우선),0.237905504,0.087144173,동아리다양성,동아리 다양성 확대(소규모/주제형 동아리 신설·교사/지역 멘토 연계),방과후수강,[강점] 방과후 수강강도가 높음 → 수요기반 편성·운영 노하우 확산,-0.240668482,-0.793586615,1.29236428,0.897130714,-0.719519031
S010000507,오금고등학교,송파구,공립,836,0.660447761,0.627206514,0.033241248,ASI낮음&성과높음(효율),-0.952658871,-0.424453472,특색도입,특색사업 도입/확대(교과교실제·수준별수업 기반 마련·자율학교 연계),동아리참여,[강점] 동아리 참여가 높음 → 참여장벽 낮추기/참여트랙 운영 노하우 확산,0.054509796,-0.591082359,-0.273996883,-0.592178882,-0.719519031
S010000508,오류고등학교,구로구,사립,481,0.712643678,0.671600785,0.041042893,ASI높음&성과높음(강점),0.050767001,0.384567293,동아리다양성,동아리 다양성 확대(소규모/주제형 동아리 신설·교사/지역 멘토 연계),방과후공급,[강점] 방과후 공급이 풍부함 → 외부강사/기관 연계 운영모델 확산,-0.148951369,-0.184938069,0.394885978,0.983269317,0.878570606
S010000509,오산고등학교,용산구,사립,406,0.593984962,0.680539601,-0.086554638,ASI높음&성과낮음(지원우선),-0.026347763,0.604332927,특색도입,특색사업 도입/확대(교과교실제·수준별수업 기반 마련·자율학교 연계),방과후공급,[강점] 방과후 공급이 풍부함 → 외부강사/기관 연계 운영모델 확산,-0.266517616,0.968575184,1.267692113,1.771433985,-0.719519031
S010000510,용문고등학교,성북구,사립,804,0.607913669,0.628995988,-0.021082319,ASI낮음&성과낮음(취약),-0.830795874,-0.408428807,특색도입,특색사업 도입/확대(교과교실제·수준별수업 기반 마련·자율학교 연계),동아리참여,[강점] 동아리 참여가 높음 → 참여장벽 낮추기/참여트랙 운영 노하우 확산,0.075678912,-0.710855111,-0.257669809,-0.429778993,-0.719519031
S010000511,용산고등학교,용산구,공립,772,0.554621849,0.665331528,-0.110709679,ASI높음&성과낮음(지원우선),0.767678235,0.095404925,동아리다양성,동아리 다양성 확대(소규모/주제형 동아리 신설·교사/지역 멘토 연계),특색도입,[강점] 특색사업 도입 수준이 높음 → 제도/운영 기반(교과교실제·수준별) 공유,-0.194964793,-0.780763354,-0.450095811,-0.573811662,2.476660244
S010000512,용화여자고등학교,노원구,사립,760,0.660633484,0.630823981,0.029809504,ASI낮음&성과높음(효율),-0.744762314,-0.384225779,동아리다양성,동아리 다양성 확대(소규모/주제형 동아리 신설·교사/지역 멘토 연계),동아리참여,[강점] 동아리 참여가 높음 → 참여장벽 낮추기/참여트랙 운영 노하우 확산,0.491795698,-0.800904443,-0.403714381,-0.488786736,-0.719519031
S010000513,우신고등학교,구로구,사립,752,0.708695652,0.656177674,0.052517978,ASI높음&성과높음(강점),-0.083820283,0.05990504,특색도입,특색사업 도입/확대(교과교실제·수준별수업 기반 마련·자율학교 연계),방과후공급,[강점] 방과후 공급이 풍부함 → 외부강사/기관 연계 운영모델 확산,-0.208746999,-0.405461478,0.640766243,0.992486466,-0.719519031
S010000514,은광여자고등학교,강남구,사립,741,0.546666667,0.63178302,-0.085116353,ASI낮음&성과낮음(취약),-0.035280606,-0.50686649,동아리다양성,동아리 다양성 확대(소규모/주제형 동아리 신설·교사/지역 멘토 연계),특색도입,[강점] 특색사업 도입 수준이 높음 → 제도/운영 기반(교과교실제·수준별) 공유,-0.182734956,-1.732220007,-0.684214612,-0.813733482,0.878570606
S010000517,이화여자대학교사범대학부속이화금란고등학교,서대문구,사립,1019,0.444444444,0.651254967,-0.206810523,ASI높음&성과낮음(지원우선),-0.492865758,0.030858751,동아리다양성,동아리 다양성 확대(소규모/주제형 동아리 신설·교사/지역 멘토 연계),특색도입,[강점] 특색사업 도입 수준이 높음 → 제도/운영 기반(교과교실제·수준별) 공유,-0.188777036,-1.313392254,0.198085897,0.57980654,0.878570606
S010000518,인창고등학교,서대문구,사립,369,0.650684932,0.660883178,-0.010198246,ASI높음&성과낮음(지원우선),0.000968755,0.150049661,특색도입,특색사업 도입/확대(교과교실제·수준별수업 기반 마련·자율학교 연계),동아리다양성,[강점] 동아리 다양성이 높음 → 주제형·소규모 동아리 운영모델 확산,-0.356363077,0.901404778,0.232608341,0.692117295,-0.719519031
S010000519,인헌고등학교,관악구,공립,416,0.718954248,0.697394646,0.021559603,ASI높음&성과높음(강점),0.96692094,0.786755184,방과후수강,방과후 참여 촉진(수요기반 편성·수강부담 완화·교과/진로 연계 강화),동아리다양성,[강점] 동아리 다양성이 높음 → 주제형·소규모 동아리 운영모델 확산,-0.193123858,2.75109886,-0.583952197,-0.516907127,2.476660244
S010000521,자양고등학교,광진구,공립,880,0.647840532,0.630209388,0.017631143,ASI낮음&성과높음(효율),0.176528889,-0.585938759,동아리다양성,동아리 다양성 확대(소규모/주제형 동아리 신설·교사/지역 멘토 연계),동아리참여,[강점] 동아리 참여가 높음 → 참여장벽 낮추기/참여트랙 운영 노하우 확산,-0.28141064,-0.729123203,-0.526225351,-0.673415569,-0.719519031
S010000522,잠신고등학교,송파구,공립,694,0.527027027,0.635690472,-0.108663445,ASI낮음&성과낮음(취약),0.627339639,-0.552654106,방과후공급,방과후 공급 확대(프로그램 수 증대·외부강사/기관 협력·시간표 유연화),동아리참여,[강점] 동아리 참여가 높음 → 참여장벽 낮추기/참여트랙 운영 노하우 확산,-0.070048598,-0.624816836,-0.624114951,-0.724771116,-0.719519031
S010000523,잠실고등학교,송파구,공립,515,0.607954545,0.64057228,-0.032617734,ASI낮음&성과낮음(취약),0.848362132,-0.486237931,특색도입,특색사업 도입/확대(교과교실제·수준별수업 기반 마련·자율학교 연계),동아리다양성,[강점] 동아리 다양성이 높음 → 주제형·소규모 동아리 운영모델 확산,-0.226837158,-0.214753532,-0.576229719,-0.693850217,-0.719519031
S010000525,장충고등학교,중구,사립,459,0.782178218,0.681181641,0.100996577,ASI높음&성과높음(강점),-0.959037638,0.808994608,동아리참여,동아리 참여율 제고(홍보·참여장벽 완화·참여트랙 다양화),방과후수강,[강점] 방과후 수강강도가 높음 → 수요기반 편성·운영 노하우 확산,-0.190904843,-0.133713042,1.749072415,1.741947902,0.878570606
S010000526,장훈고등학교,영등포구,사립,716,0.53030303,0.639455563,-0.109152532,ASI높음&성과낮음(지원우선),-2.035586139,0.07577991,동아리다양성,동아리 다양성 확대(소규모/주제형 동아리 신설·교사/지역 멘토 연계),특색도입,[강점] 특색사업 도입 수준이 높음 → 제도/운영 기반(교과교실제·수준별) 공유,-0.210723472,-0.837550817,0.241361205,0.307242027,0.878570606
S010000527,재현고등학교,노원구,사립,777,0.629213483,0.669632646,-0.040419163,ASI높음&성과낮음(지원우선),-0.811325686,0.51526172,방과후공급,방과후 공급 확대(프로그램 수 증대·외부강사/기관 협력·시간표 유연화),특색도입,[강점] 특색사업 도입 수준이 높음 → 제도/운영 기반(교과교실제·수준별) 공유,0.47732857,0.331463971,0.669707939,0.219237514,0.878570606
S010000528,정신여자고등학교,송파구,사립,862,0.518248175,0.636158116,-0.117909941,ASI낮음&성과낮음(취약),-0.802354747,-0.250725112,동아리다양성,동아리 다양성 확대(소규모/주제형 동아리 신설·교사/지역 멘토 연계),특색도입,[강점] 특색사업 도입 수준이 높음 → 제도/운영 기반(교과교실제·수준별) 공유,-0.146574827,-0.781457018,-0.533678828,-0.670485497,0.878570606
S010000529,정의여자고등학교,도봉구,사립,598,0.644736842,0.653015256,-0.008278414,ASI낮음&성과낮음(취약),0.676928822,-0.167264712,특색도입,특색사업 도입/확대(교과교실제·수준별수업 기반 마련·자율학교 연계),방과후수강,[강점] 방과후 수강강도가 높음 → 수요기반 편성·운영 노하우 확산,-0.185914864,-0.418600554,0.269004873,0.218706014,-0.719519031
S010000530,중경고등학교,용산구,공립,352,0.649122807,0.666235935,-0.017113128,ASI낮음&성과낮음(취약),1.517756779,-0.036753228,방과후공급,방과후 공급 확대(프로그램 수 증대·외부강사/기관 협력·시간표 유연화),특색도입,[강점] 특색사업 도입 수준이 높음 → 제도/운영 기반(교과교실제·수준별) 공유,-0.309404009,0.451126018,-0.565722666,-0.638336091,0.878570606
S010000532,중산고등학교,강남구,사립,960,0.534050179,0.642588975,-0.108538796,ASI낮음&성과낮음(취약),-0.371957524,-0.191600333,동아리다양성,동아리 다양성 확대(소규모/주제형 동아리 신설·교사/지역 멘토 연계),특색도입,[강점] 특색사업 도입 수준이 높음 → 제도/운영 기반(교과교실제·수준별) 공유,-0.14890869,-0.611098281,-0.520081325,-0.556483974,0.878570606
S010000534,중앙대학교사범대학부속고등학교,강남구,사립,1050,0.460365854,0.618831224,-0.15846537,ASI낮음&성과낮음(취약),-0.369174742,-0.734511118,동아리다양성,동아리 다양성 확대(소규모/주제형 동아리 신설·교사/지역 멘토 연계),동아리참여,[강점] 동아리 참여가 높음 → 참여장벽 낮추기/참여트랙 운영 노하우 확산,-0.169437161,-1.285651302,-0.684214612,-0.813733482,-0.719519031
S010000535,중앙여자고등학교,서대문구,사립,517,0.672619048,0.656396127,0.016222921,ASI높음&성과높음(강점),0.040617796,0.039541687,특색도입,특색사업 도입/확대(교과교실제·수준별수업 기반 마련·자율학교 연계),방과후공급,[강점] 방과후 공급이 풍부함 → 외부강사/기관 연계 운영모델 확산,0.497638883,-0.316175485,-0.002955957,0.738720027,-0.719519031
S010000536,중화고등학교,중랑구,공립,571,0.733695652,0.635090673,0.098604979,ASI낮음&성과높음(효율),-0.414621044,-0.354080889,특색도입,특색사업 도입/확대(교과교실제·수준별수업 기반 마련·자율학교 연계),동아리참여,[강점] 동아리 참여가 높음 → 참여장벽 낮추기/참여트랙 운영 노하우 확산,-0.186694019,-0.19905603,-0.392031321,-0.273104044,-0.719519031
S010000537,진명여자고등학교,양천구,사립,1310,0.501278772,0.629563073,-0.128284301,ASI낮음&성과낮음(취약),-0.407271033,-0.48176271,동아리다양성,동아리 다양성 확대(소규모/주제형 동아리 신설·교사/지역 멘토 연계),동아리참여,[강점] 동아리 참여가 높음 → 참여장벽 낮추기/참여트랙 운영 노하우 확산,0.364616499,-1.026237681,-0.496717942,-0.530955397,-0.719519031
S010000538,진선여자고등학교,강남구,사립,919,0.569444444,0.656276034,-0.08683159,ASI높음&성과낮음(지원우선),-0.265224477,0.099105595,동아리다양성,동아리 다양성 확대(소규모/주제형 동아리 신설·교사/지역 멘토 연계),특색도입,[강점] 특색사업 도입 수준이 높음 → 제도/운영 기반(교과교실제·수준별) 공유,-0.180159322,-0.79019764,0.460505543,0.126808788,0.878570606
S010000539,창덕여자고등학교,송파구,공립,484,0.693430657,0.634001186,0.059429471,ASI낮음&성과높음(효율),-0.011521098,-0.461070251,방과후공급,방과후 공급 확대(프로그램 수 증대·외부강사/기관 협력·시간표 유연화),동아리다양성,[강점] 동아리 다양성이 높음 → 주제형·소규모 동아리 운영모델 확산,-0.169437161,0.081553029,-0.684214612,-0.813733482,-0.719519031
S010000540,창동고등학교,도봉구,공립,1061,0.751515152,0.635280017,0.116235135,ASI낮음&성과높음(효율),0.37085896,-0.509774453,방과후공급,방과후 공급 확대(프로그램 수 증대·외부강사/기관 협력·시간표 유연화),동아리참여,[강점] 동아리 참여가 높음 → 참여장벽 낮추기/참여트랙 운영 노하우 확산,-0.188011461,-0.306413774,-0.579384791,-0.755543207,-0.719519031
S010000541,창문여자고등학교,강북구,사립,902,0.679442509,0.634879565,0.044562944,ASI낮음&성과높음(효율),-1.204001303,-0.198089606,방과후공급,방과후 공급 확대(프로그램 수 증대·외부강사/기관 협력·시간표 유연화),특색도입,[강점] 특색사업 도입 수준이 높음 → 제도/운영 기반(교과교실제·수준별) 공유,-0.114815952,-0.588388879,-0.488975851,-0.676837957,0.878570606
S010000542,청담고등학교,강남구,공립,402,0.496815287,0.594046147,-0.097230861,ASI낮음&성과낮음(취약),1.660500521,-1.713786964,동아리참여,동아리 참여율 제고(홍보·참여장벽 완화·참여트랙 다양화),동아리다양성,[강점] 동아리 다양성이 높음 → 주제형·소규모 동아리 운영모델 확산,-6.444408627,0.092940931,-0.684214612,-0.813733482,-0.719519031
S010000543,청량고등학교,동대문구,공립,845,0.683636364,0.658577962,0.025058401,ASI높음&성과높음(강점),0.298153873,0.036884239,동아리다양성,동아리 다양성 확대(소규모/주제형 동아리 신설·교사/지역 멘토 연계),특색도입,[강점] 특색사업 도입 수준이 높음 → 제도/운영 기반(교과교실제·수준별) 공유,-0.169437161,-0.729743979,-0.004144075,0.209175803,0.878570606
S010000544,청원고등학교,노원구,사립,1030,0.67679558,0.705941064,-0.029145484,ASI높음&성과낮음(지원우선),0.22042362,1.133928001,동아리다양성,동아리 다양성 확대(소규모/주제형 동아리 신설·교사/지역 멘토 연계),특색도입,[강점] 특색사업 도입 수준이 높음 → 제도/운영 기반(교과교실제·수준별) 공유,0.557629466,-0.394019002,1.385495829,1.643873466,2.476660244
S010000545,청원여자고등학교,노원구,사립,854,0.676806084,0.679863304,-0.00305722,ASI높음&성과낮음(지원우선),0.339260574,0.514413606,동아리다양성,동아리 다양성 확대(소규모/주제형 동아리 신설·교사/지역 멘토 연계),특색도입,[강점] 특색사업 도입 수준이 높음 → 제도/운영 기반(교과교실제·수준별) 공유,0.084404355,-0.433062769,0.390260359,0.053805841,2.476660244
S010000546,충암고등학교,은평구,사립,1044,0.668604651,0.644222177,0.024382474,ASI낮음&성과높음(효율),-0.063561988,-0.217142998,특색도입,특색사업 도입/확대(교과교실제·수준별수업 기반 마련·자율학교 연계),동아리참여,[강점] 동아리 참여가 높음 → 참여장벽 낮추기/참여트랙 운영 노하우 확산,1.057551916,-0.610545589,-0.413433529,-0.399768757,-0.719519031
S010000547,태릉고등학교,중랑구,공립,734,0.672064777,0.649218205,0.022846572,ASI높음&성과높음(강점),-0.642959511,0.01494008,특색도입,특색사업 도입/확대(교과교실제·수준별수업 기반 마련·자율학교 연계),동아리다양성,[강점] 동아리 다양성이 높음 → 주제형·소규모 동아리 운영모델 확산,-0.129163321,1.239030812,-0.090714538,-0.224933519,-0.719519031
S010000548,풍문고등학교,강남구,사립,948,0.5221843,0.632580682,-0.110396382,ASI낮음&성과낮음(취약),-0.27939105,-0.438927862,특색도입,특색사업 도입/확대(교과교실제·수준별수업 기반 마련·자율학교 연계),동아리참여,[강점] 동아리 참여가 높음 → 참여장벽 낮추기/참여트랙 운영 노하우 확산,-0.200619649,-0.625097487,-0.356681321,-0.292721821,-0.719519031
S010000549,한가람고등학교,양천구,사립,534,0.48255814,0.634352841,-0.151794701,ASI낮음&성과낮음(취약),0.204896232,-0.497130606,동아리다양성,동아리 다양성 확대(소규모/주제형 동아리 신설·교사/지역 멘토 연계),특색도입,[강점] 특색사업 도입 수준이 높음 → 제도/운영 기반(교과교실제·수준별) 공유,-0.243247394,-1.623028148,-0.684214612,-0.813733482,0.878570606
S010000551,한광고등학교,강서구,사립,261,0.809917355,0.640745959,0.169171396,ASI낮음&성과높음(효율),-0.360344861,-0.236038559,방과후공급,방과후 공급 확대(프로그램 수 증대·외부강사/기관 협력·시간표 유연화),동아리다양성,[강점] 동아리 다양성이 높음 → 주제형·소규모 동아리 운영모델 확산,0.32135847,0.71591586,-0.684214612,-0.813733482,-0.719519031
S010000552,한국삼육고등학교,노원구,사립,451,0.857142857,0.702870326,0.154272531,ASI높음&성과높음(강점),-0.494596396,1.209490933,특색도입,특색사업 도입/확대(교과교실제·수준별수업 기반 마련·자율학교 연계),동아리참여,[강점] 동아리 참여가 높음 → 참여장벽 낮추기/참여트랙 운영 노하우 확산,5.314532237,1.765712549,-0.047119708,-0.266151381,-0.719519031
S010000554,한서고등학교,강서구,사립,626,0.682539683,0.642420839,0.040118843,ASI낮음&성과높음(효율),0.381610829,-0.348953509,특색도입,특색사업 도입/확대(교과교실제·수준별수업 기반 마련·자율학교 연계),방과후수강,[강점] 방과후 수강강도가 높음 → 수요기반 편성·운영 노하우 확산,-0.185177842,-0.254844851,-0.165996377,-0.419229445,-0.719519031
S010000555,한성고등학교,서대문구,사립,350,0.71969697,0.690274876,0.029422094,ASI높음&성과높음(강점),0.971738085,0.62324316,특색도입,특색사업 도입/확대(교과교실제·수준별수업 기반 마련·자율학교 연계),방과후공급,[강점] 방과후 공급이 풍부함 → 외부강사/기관 연계 운영모델 확산,0.30916948,0.736633925,0.957669969,1.832261455,-0.719519031
S010000556,한성여자고등학교,성북구,사립,517,0.64021164,0.666074933,-0.025863293,ASI높음&성과낮음(지원우선),-0.335523436,0.337116766,특색도입,특색사업 도입/확대(교과교실제·수준별수업 기반 마련·자율학교 연계),동아리다양성,[강점] 동아리 다양성이 높음 → 주제형·소규모 동아리 운영모델 확산,-0.30285237,2.98740626,-0.18223455,-0.097216478,-0.719519031
S010000558,한영고등학교,강동구,사립,1245,0.589385475,0.651943567,-0.062558093,ASI높음&성과낮음(지원우선),-1.793522409,0.311544514,특색도입,특색사업 도입/확대(교과교실제·수준별수업 기반 마련·자율학교 연계),방과후수강,[강점] 방과후 수강강도가 높음 → 수요기반 편성·운영 노하우 확산,-0.169437161,-0.534047652,1.612488169,1.368238247,-0.719519031
S010000560,혜성여자고등학교,노원구,사립,830,0.62,0.613056537,0.006943463,ASI낮음&성과높음(효율),-0.887095755,-0.76082664,동아리다양성,동아리 다양성 확대(소규모/주제형 동아리 신설·교사/지역 멘토 연계),동아리참여,[강점] 동아리 참여가 높음 → 참여장벽 낮추기/참여트랙 운영 노하우 확산,-0.181309048,-1.405357028,-0.684214612,-0.813733482,-0.719519031
S010000561,혜원여자고등학교,중랑구,사립,564,0.712643678,0.64868647,0.063957208,ASI낮음&성과높음(효율),-0.426479234,-0.041299208,특색도입,특색사업 도입/확대(교과교실제·수준별수업 기반 마련·자율학교 연계),방과후공급,[강점] 방과후 공급이 풍부함 → 외부강사/기관 연계 운영모델 확산,-0.20437924,0.085611484,0.022441844,0.609348901,-0.719519031
S010000562,혜화여자고등학교,강북구,공립,596,0.652380952,0.654405242,-0.00202429,ASI낮음&성과낮음(취약),0.377839207,-0.074604242,특색도입,특색사업 도입/확대(교과교실제·수준별수업 기반 마련·자율학교 연계),동아리다양성,[강점] 동아리 다양성이 높음 → 주제형·소규모 동아리 운영모델 확산,-0.219036152,1.604971454,-0.536475214,-0.502962265,-0.719519031
S010000563,홍익대학교사범대학부속고등학교,성북구,사립,252,0.868686869,0.73177134,0.136915529,ASI높음&성과높음(강점),1.438221027,1.475497149,특색도입,특색사업 도입/확대(교과교실제·수준별수업 기반 마련·자율학교 연계),방과후공급,[강점] 방과후 공급이 풍부함 → 외부강사/기관 연계 운영모델 확산,0.104275787,1.960263029,2.681207412,3.351258549,-0.719519031
S010000564,홍익대학교사범대학부속여자고등학교,마포구,사립,729,0.659482759,0.633438317,0.026044441,ASI낮음&성과높음(효율),-0.79379363,-0.314556952,동아리다양성,동아리 다양성 확대(소규모/주제형 동아리 신설·교사/지역 멘토 연계),방과후공급,[강점] 방과후 공급이 풍부함 → 외부강사/기관 연계 운영모델 확산,-0.169437161,-0.882388306,-0.004001134,0.20256087,-0.719519031
S010000565,화곡고등학교,강서구,사립,696,0.662393162,0.695447125,-0.033053963,ASI높음&성과낮음(지원우선),0.163290795,0.906010454,특색도입,특색사업 도입/확대(교과교실제·수준별수업 기반 마련·자율학교 연계),동아리다양성,[강점] 동아리 다양성이 높음 → 주제형·소규모 동아리 운영모델 확산,0.524283587,1.754977329,1.566375696,1.403934688,-0.719519031
S010000566,환일고등학교,중구,사립,378,0.620689655,0.739347194,-0.118657539,ASI높음&성과낮음(지원우선),1.251811764,1.686414171,동아리참여,동아리 참여율 제고(홍보·참여장벽 완화·참여트랙 다양화),방과후공급,[강점] 방과후 공급이 풍부함 → 외부강사/기관 연계 운영모델 확산,-0.195505061,1.166491654,1.878164998,3.106259018,2.476660244
S010000567,휘경여자고등학교,동대문구,사립,631,0.733624454,0.659174259,0.074450195,ASI낮음&성과높음(효율),0.493622596,0.010676179,방과후수강,방과후 참여 촉진(수요기반 편성·수강부담 완화·교과/진로 연계 강화),특색도입,[강점] 특색사업 도입 수준이 높음 → 제도/운영 기반(교과교실제·수준별) 공유,-0.231900972,-0.206230609,-0.258236173,-0.128821956,0.878570606
S010000584,동양고등학교,강서구,사립,448,0.715231788,0.725515775,-0.010283987,ASI높음&성과낮음(지원우선),0.63986216,1.495334175,동아리참여,동아리 참여율 제고(홍보·참여장벽 완화·참여트랙 다양화),동아리다양성,[강점] 동아리 다양성이 높음 → 주제형·소규모 동아리 운영모델 확산,-0.301405904,2.624283314,2.057087139,2.218135717,0.878570606
S010000609,성덕고등학교,강동구,사립,749,0.820895522,0.63675602,0.184139502,ASI낮음&성과높음(효율),-0.743587667,-0.249047988,동아리다양성,동아리 다양성 확대(소규모/주제형 동아리 신설·교사/지역 멘토 연계),특색도입,[강점] 특색사업 도입 수준이 높음 → 제도/운영 기반(교과교실제·수준별) 공유,-0.222060211,-1.009959838,-0.325346261,-0.566444236,0.878570606
S010000636,덕수고등학교,송파구,공립,879,0.720149254,0.642958717,0.077190537,ASI낮음&성과높음(효율),0.457687942,-0.352173036,특색도입,특색사업 도입/확대(교과교실제·수준별수업 기반 마련·자율학교 연계),동아리참여,[강점] 동아리 참여가 높음 → 참여장벽 낮추기/참여트랙 운영 노하우 확산,0.144445264,-0.25350261,-0.399510416,-0.532778388,-0.719519031
S010005181,누원고등학교,도봉구,공립,381,0.732824427,0.659982435,0.072841993,ASI낮음&성과높음(효율),0.827301529,-0.038850918,방과후공급,방과후 공급 확대(프로그램 수 증대·외부강사/기관 협력·시간표 유연화),특색도입,[강점] 특색사업 도입 수준이 높음 → 제도/운영 기반(교과교실제·수준별) 공유,-0.221162443,0.646285338,-0.684214612,-0.813733482,0.878570606
S010005182,방산고등학교,송파구,공립,828,0.673469388,0.634685752,0.038783636,ASI낮음&성과높음(효율),0.16540889,-0.481486626,방과후공급,방과후 공급 확대(프로그램 수 증대·외부강사/기관 협력·시간표 유연화),동아리참여,[강점] 동아리 참여가 높음 → 참여장벽 낮추기/참여트랙 운영 노하우 확산,-0.157536598,-0.174158996,-0.617050095,-0.739168408,-0.719519031
S010005204,신현고등학교,중랑구,공립,611,0.696261682,0.663272988,0.032988694,ASI높음&성과높음(강점),0.736617049,0.054740107,방과후공급,방과후 공급 확대(프로그램 수 증대·외부강사/기관 협력·시간표 유연화),특색도입,[강점] 특색사업 도입 수준이 높음 → 제도/운영 기반(교과교실제·수준별) 공유,-0.153310048,-0.027713046,-0.115349844,-0.308497133,0.878570606
S010005205,자운고등학교,도봉구,공립,745,0.768518519,0.631930591,0.136587928,ASI낮음&성과높음(효율),-0.814722951,-0.344711797,특색도입,특색사업 도입/확대(교과교실제·수준별수업 기반 마련·자율학교 연계),동아리참여,[강점] 동아리 참여가 높음 → 참여장벽 낮추기/참여트랙 운영 노하우 확산,-0.182663559,-0.191894177,-0.230110357,-0.399371859,-0.719519031
S010005208,등촌고등학교,강서구,공립,515,0.636871508,0.646240481,-0.009368973,ASI낮음&성과낮음(취약),0.766080534,-0.340081567,특색도입,특색사업 도입/확대(교과교실제·수준별수업 기반 마련·자율학교 연계),방과후수강,[강점] 방과후 수강강도가 높음 → 수요기반 편성·운영 노하우 확산,-0.341637152,-0.214753532,-0.090297703,-0.334200419,-0.719519031
S010005209,경일고등학교,성동구,공립,323,0.657407407,0.676024825,-0.018617418,ASI높음&성과낮음(지원우선),1.363820396,0.218067866,방과후공급,방과후 공급 확대(프로그램 수 증대·외부강사/기관 협력·시간표 유연화),동아리다양성,[강점] 동아리 다양성이 높음 → 주제형·소규모 동아리 운영모델 확산,-0.138930455,0.935486982,-0.15334461,-0.431443192,0.878570606
S010005261,선유고등학교,영등포구,공립,580,0.718390805,0.660164067,0.058226738,ASI높음&성과높음(강점),0.454528852,0.041235669,방과후공급,방과후 공급 확대(프로그램 수 증대·외부강사/기관 협력·시간표 유연화),특색도입,[강점] 특색사업 도입 수준이 높음 → 제도/운영 기반(교과교실제·수준별) 공유,0.136366271,-0.247979459,-0.172837879,-0.387941194,0.878570606
S010005262,월계고등학교,노원구,공립,512,0.707792208,0.665141785,0.042650423,ASI높음&성과높음(강점),0.901151743,0.063882587,방과후공급,방과후 공급 확대(프로그램 수 증대·외부강사/기관 협력·시간표 유연화),특색도입,[강점] 특색사업 도입 수준이 높음 → 제도/운영 기반(교과교실제·수준별) 공유,-0.169437161,0.164259888,-0.222589741,-0.331390655,0.878570606
S010005263,불암고등학교,노원구,공립,739,0.653225806,0.623050085,0.030175722,ASI낮음&성과높음(효율),-0.545230936,-0.602336916,방과후공급,방과후 공급 확대(프로그램 수 증대·외부강사/기관 협력·시간표 유연화),동아리참여,[강점] 동아리 참여가 높음 → 참여장벽 낮추기/참여트랙 운영 노하우 확산,-0.249439863,-0.665949437,-0.646587941,-0.730188311,-0.719519031
S010005270,세현고등학교,강서구,공립,425,0.579310345,0.663390413,-0.084080069,ASI낮음&성과낮음(취약),1.197459786,-0.036460966,동아리다양성,동아리 다양성 확대(소규모/주제형 동아리 신설·교사/지역 멘토 연계),특색도입,[강점] 특색사업 도입 수준이 높음 → 제도/운영 기반(교과교실제·수준별) 공유,-0.215807355,-0.527940852,-0.084474988,-0.232652241,0.878570606
S010005285,신서고등학교,양천구,공립,609,0.617977528,0.633561346,-0.015583818,ASI낮음&성과낮음(취약),0.412828857,-0.557558406,방과후공급,방과후 공급 확대(프로그램 수 증대·외부강사/기관 협력·시간표 유연화),동아리참여,[강점] 동아리 참여가 높음 → 참여장벽 낮추기/참여트랙 운영 노하우 확산,-0.25033754,-0.319987367,-0.684214612,-0.813733482,-0.719519031
S010005288,효문고등학교,도봉구,공립,426,0.701863354,0.65522708,0.046636274,ASI낮음&성과높음(효율),1.000038212,-0.182595995,특색도입,특색사업 도입/확대(교과교실제·수준별수업 기반 마련·자율학교 연계),동아리다양성,[강점] 동아리 다양성이 높음 → 주제형·소규모 동아리 운영모델 확산,-0.285090519,0.440659541,-0.259942983,-0.089086981,-0.719519031
S010005364,원묵고등학교,중랑구,공립,655,0.674528302,0.636955071,0.037573231,ASI낮음&성과높음(효율),0.475589455,-0.492871588,동아리다양성,동아리 다양성 확대(소규모/주제형 동아리 신설·교사/지역 멘토 연계),방과후공급,[강점] 방과후 공급이 풍부함 → 외부강사/기관 연계 운영모델 확산,-0.259699752,-0.885288495,-0.351673349,-0.248177312,-0.719519031
S010005365,상암고등학교,마포구,공립,806,0.61754386,0.635401349,-0.017857489,ASI낮음&성과낮음(취약),-0.641654347,-0.300738122,동아리다양성,동아리 다양성 확대(소규모/주제형 동아리 신설·교사/지역 멘토 연계),특색도입,[강점] 특색사업 도입 수준이 높음 → 제도/운영 기반(교과교실제·수준별) 공유,-0.169437161,-0.88922318,-0.586467741,-0.737133133,0.878570606
S010005498,문정고등학교,송파구,공립,773,0.702830189,0.636395025,0.066435164,ASI낮음&성과높음(효율),0.120123099,-0.43324171,동아리참여,동아리 참여율 제고(홍보·참여장벽 완화·참여트랙 다양화),특색도입,[강점] 특색사업 도입 수준이 높음 → 제도/운영 기반(교과교실제·수준별) 공유,-1.418672971,-0.425790501,-0.546323166,-0.65399252,0.878570606
S010005501,구현고등학교,구로구,공립,771,0.651452282,0.629108728,0.022343554,ASI낮음&성과높음(효율),0.376688862,-0.651840791,동아리다양성,동아리 다양성 확대(소규모/주제형 동아리 신설·교사/지역 멘토 연계),동아리참여,[강점] 동아리 참여가 높음 → 참여장벽 낮추기/참여트랙 운영 노하우 확산,0.035048777,-1.076785606,-0.684214612,-0.813733482,-0.719519031
S010005518,삼각산고등학교,강북구,공립,582,0.664974619,0.671690579,-0.006715959,ASI높음&성과낮음(지원우선),0.819663131,0.22997962,방과후공급,방과후 공급 확대(프로그램 수 증대·외부강사/기관 협력·시간표 유연화),특색도입,[강점] 특색사업 도입 수준이 높음 → 제도/운영 기반(교과교실제·수준별) 공유,-0.135575765,-0.33796004,-0.357739668,-0.495486669,2.476660244
S010005521,신도림고등학교,구로구,공립,569,0.60106383,0.638592161,-0.037528331,ASI낮음&성과낮음(취약),-0.240581484,-0.309603513,특색도입,특색사업 도입/확대(교과교실제·수준별수업 기반 마련·자율학교 연계),동아리다양성,[강점] 동아리 다양성이 높음 → 주제형·소규모 동아리 운영모델 확산,-0.204072191,0.461036332,-0.48874108,-0.596721595,-0.719519031
S010005522,강일고등학교,강동구,공립,604,0.722543353,0.633124256,0.089419096,ASI낮음&성과높음(효율),-0.521643434,-0.377168085,특색도입,특색사업 도입/확대(교과교실제·수준별수업 기반 마련·자율학교 연계),동아리참여,[강점] 동아리 참여가 높음 → 참여장벽 낮추기/참여트랙 운영 노하우 확산,-0.153123144,-0.294888758,-0.415667745,-0.302641745,-0.719519031
S010005523,성수고등학교,성동구,공립,466,0.658385093,0.638280954,0.020104139,ASI낮음&성과높음(효율),0.961756854,-0.561644969,방과후공급,방과후 공급 확대(프로그램 수 증대·외부강사/기관 협력·시간표 유연화),동아리다양성,[강점] 동아리 다양성이 높음 → 주제형·소규모 동아리 운영모델 확산,-0.507760462,-0.082997259,-0.684214612,-0.813733482,-0.719519031
S010005524,문현고등학교,송파구,공립,603,0.668478261,0.655707362,0.012770898,ASI낮음&성과높음(효율),0.61524758,-0.093243541,방과후공급,방과후 공급 확대(프로그램 수 증대·외부강사/기관 협력·시간표 유연화),특색도입,[강점] 특색사업 도입 수준이 높음 → 제도/운영 기반(교과교실제·수준별) 공유,-0.169437161,0.322596943,-0.684214612,-0.813733482,0.878570606
S010005525,진관고등학교,은평구,공립,821,0.637323944,0.632055745,0.005268199,ASI낮음&성과높음(효율),0.150231595,-0.538432772,방과후공급,방과후 공급 확대(프로그램 수 증대·외부강사/기관 협력·시간표 유연화),동아리참여,[강점] 동아리 참여가 높음 → 참여장벽 낮추기/참여트랙 운영 노하우 확산,-0.217445279,-0.371965637,-0.64470126,-0.738532652,-0.719519031
S010005528,구암고등학교,관악구,공립,547,0.652631579,0.671415181,-0.018783602,ASI높음&성과낮음(지원우선),-0.484451987,0.489363726,방과후수강,방과후 참여 촉진(수요기반 편성·수강부담 완화·교과/진로 연계 강화),동아리다양성,[강점] 동아리 다양성이 높음 → 주제형·소규모 동아리 운영모델 확산,-0.151423146,2.049005575,-0.192820836,-0.136513571,0.878570606
S010005530,신도고등학교,은평구,공립,586,0.716346154,0.66157473,0.054771424,ASI낮음&성과높음(효율),0.838822918,-0.004848978,방과후수강,방과후 참여 촉진(수요기반 편성·수강부담 완화·교과/진로 연계 강화),특색도입,[강점] 특색사업 도입 수준이 높음 → 제도/운영 기반(교과교실제·수준별) 공유,-0.169437161,0.192876568,-0.533954064,-0.392300842,0.878570606
S010005536,해성여자고등학교,동대문구,사립,677,0.694835681,0.667502078,0.027333603,ASI높음&성과높음(강점),-0.804568303,0.46524834,특색도입,특색사업 도입/확대(교과교실제·수준별수업 기반 마련·자율학교 연계),동아리참여,[강점] 동아리 참여가 높음 → 참여장벽 낮추기/참여트랙 운영 노하우 확산,1.16961348,0.534613202,0.513734483,0.827799566,-0.719519031
S010005541,솔샘고등학교,강북구,공립,605,0.6,0.648877469,-0.048877469,ASI낮음&성과낮음(취약),-0.438670247,-0.034455553,방과후공급,방과후 공급 확대(프로그램 수 증대·외부강사/기관 협력·시간표 유연화),특색도입,[강점] 특색사업 도입 수준이 높음 → 제도/운영 기반(교과교실제·수준별) 공유,-0.185724212,0.081553029,-0.43909188,-0.507585308,0.878570606
S010005563,선사고등학교,강동구,공립,668,0.735849057,0.673310364,0.062538693,ASI높음&성과높음(강점),0.543166521,0.323283376,방과후공급,방과후 공급 확대(프로그램 수 증대·외부강사/기관 협력·시간표 유연화),특색도입,[강점] 특색사업 도입 수준이 높음 → 제도/운영 기반(교과교실제·수준별) 공유,0.051827797,0.241460987,-0.524648612,-0.628883537,2.476660244
S010005566,잠일고등학교,송파구,공립,436,0.480620155,0.643237303,-0.162617148,ASI낮음&성과낮음(취약),1.030746956,-0.46255551,방과후공급,방과후 공급 확대(프로그램 수 증대·외부강사/기관 협력·시간표 유연화),동아리다양성,[강점] 동아리 다양성이 높음 → 주제형·소규모 동아리 운영모델 확산,-0.237237616,0.14192719,-0.684214612,-0.813733482,-0.719519031
S010005573,휘봉고등학교,동대문구,공립,480,0.75,0.775018838,-0.025018838,ASI높음&성과낮음(지원우선),1.116433525,2.528308259,방과후수강,방과후 참여 촉진(수요기반 편성·수강부담 완화·교과/진로 연계 강화),동아리참여,[강점] 동아리 참여가 높음 → 참여장벽 낮추기/참여트랙 운영 노하우 확산,9.068374836,2.802881874,-0.06630106,-0.041984959,0.878570606
S010005582,수명고등학교,강서구,공립,563,0.729559748,0.645113405,0.084446343,ASI낮음&성과높음(효율),0.668725544,-0.345977647,특색도입,특색사업 도입/확대(교과교실제·수준별수업 기반 마련·자율학교 연계),동아리다양성,[강점] 동아리 다양성이 높음 → 주제형·소규모 동아리 운영모델 확산,-0.204441304,0.173708054,-0.494889412,-0.484746545,-0.719519031
S010005583,은평고등학교,은평구,공립,477,0.696969697,0.639716981,0.057252716,ASI낮음&성과높음(효율),-0.224654403,-0.28717065,특색도입,특색사업 도입/확대(교과교실제·수준별수업 기반 마련·자율학교 연계),방과후수강,[강점] 방과후 수강강도가 높음 → 수요기반 편성·운영 노하우 확산,-0.499958457,0.035165834,0.04445703,-0.295998624,-0.719519031
S010005591,가재울고등학교,서대문구,공립,665,0.668161435,0.636048502,0.032112933,ASI낮음&성과높음(효율),0.390375014,-0.496207175,특색도입,특색사업 도입/확대(교과교실제·수준별수업 기반 마련·자율학교 연계),동아리참여,[강점] 동아리 참여가 높음 → 참여장벽 낮추기/참여트랙 운영 노하우 확산,-0.169437161,-0.714135912,-0.34273607,-0.535207699,-0.719519031
S010006381,금호고등학교,성동구,공립,379,0.658227848,0.679693795,-0.021465947,ASI높음&성과낮음(지원우선),1.318856008,0.310983437,방과후공급,방과후 공급 확대(프로그램 수 증대·외부강사/기관 협력·시간표 유연화),동아리다양성,[강점] 동아리 다양성이 높음 → 주제형·소규모 동아리 운영모델 확산,0.532539054,1.641755619,-0.684214612,-0.813733482,0.878570606
S010006382,도선고등학교,성동구,공립,411,0.726744186,0.675708809,0.051035377,ASI높음&성과높음(강점),1.230002432,0.238114877,방과후공급,방과후 공급 확대(프로그램 수 증대·외부강사/기관 협력·시간표 유연화),동아리다양성,[강점] 동아리 다양성이 높음 → 주제형·소규모 동아리 운영모델 확산,-0.097512591,1.028328192,-0.255734412,-0.36307741,0.878570606
